"","コード","企業名","業種","連.個","売上高.2007","営業利益.2007","経常利益.2007","純利益.2007","売上高.2008","営業利益.2008","経常利益.2008","純利益.2008","売上高.2009","営業利益.2009","経常利益.2009","純利益.2009","売上高.2010","営業利益.2010","経常利益.2010","純利益.2010","売上高.2011","営業利益.2011","経常利益.2011","純利益.2011","売上高.2012","営業利益.2012","経常利益.2012","純利益.2012"
"1605連結",1605,"国際石油開発帝石株式会社","鉱業","連結",1.202965e+12,7.14211e+11,6.85799e+11,1.73245e+11,1.076164e+12,6.63266e+11,6.16166e+11,1.45062e+11,8.40427e+11,4.61667e+11,4.42027e+11,1.0721e+11,9.4308e+11,5.29742e+11,5.08587e+11,1.28699e+11,1.186731e+12,7.09357e+11,7.67038e+11,1.94e+11,1.216533e+12,6.93447e+11,7.18146e+11,1.82961e+11
"1878個別",1878,"大東建託株式会社","建設業","個別",5.11543e+11,5.0761e+10,5.4092e+10,3.0465e+10,5.14372e+11,6.2619e+10,6.6264e+10,3.6418e+10,4.84569e+11,6.5194e+10,7.8041e+10,4.8991e+10,4.6023e+11,6.1532e+10,6.6707e+10,3.7815e+10,4.91599e+11,5.8125e+10,6.1469e+10,3.4119e+10,5.08404e+11,5.2717e+10,5.7029e+10,3.4556e+10
"1925個別",1925,"大和ハウス工業株式会社","建設業","個別",1.15766e+12,6.3245e+10,4.9959e+10,7.446e+09,1.152431e+12,4.7503e+10,2.832e+10,5.578e+09,1.034834e+12,3.8782e+10,3.9045e+10,1.2969e+10,1.058103e+12,5.8458e+10,5.7817e+10,1.2713e+10,1.116665e+12,6.484e+10,6.5081e+10,1.8077e+10,1.238811e+12,8.0273e+10,1.02921e+11,4.8951e+10
"1963連結",1963,"日揮株式会社","建設業","連結",5.51062e+11,4.4896e+10,4.6837e+10,3.0019e+10,4.50911e+11,5.2003e+10,4.9388e+10,3.1543e+10,4.14257e+11,4.1919e+10,4.0829e+10,2.7112e+10,4.47222e+11,6.3559e+10,6.3395e+10,2.5477e+10,5.56966e+11,6.7053e+10,7.255e+10,3.9111e+10,6.24637e+11,6.4123e+10,7.2489e+10,4.6179e+10
"2267連結",2267,"株式会社ヤクルト本社","食料品","連結",3.17335e+11,2.2502e+10,3.1479e+10,1.6675e+10,2.9349e+11,1.6743e+10,2.5352e+10,1.1324e+10,2.90678e+11,1.899e+10,2.4724e+10,1.3248e+10,3.05944e+11,2.0401e+10,2.5788e+10,1.3168e+10,3.12552e+11,2.0817e+10,2.7984e+10,1.3291e+10,3.19193e+11,2.3068e+10,2.9424e+10,1.6379e+10
"2502個別",2502,"アサヒグループホールディングス株式会社","食料品","個別",1.030736e+12,7.9933e+10,7.7372e+10,4.0513e+10,1.019613e+12,9.105e+10,8.8562e+10,3.8994e+10,9.85468e+11,7.8513e+10,7.9303e+10,3.0036e+10,9.6327e+11,8.4741e+10,8.4707e+10,1.7661e+10,4.12665e+11,3.1474e+10,4.6562e+10,2.1841e+10,7.0169e+10,4.7521e+10,4.6917e+10,3.6208e+10
"2503個別",2503,"キリンホールディングス株式会社","食料品","個別",4.37172e+11,1.4081e+10,3.0875e+10,3.3476e+10,7.4536e+10,5.3495e+10,4.7074e+10,2.7684e+10,1.08093e+11,8.4191e+10,8.4529e+10,8.1972e+10,7.9968e+10,5.1608e+10,4.4881e+10,4.7099e+10,1.28102e+11,1.01352e+11,9.688e+10,4.0855e+10,9.5888e+10,7.0774e+10,6.4989e+10,6.5172e+10
"2651連結",2651,"株式会社ローソン","小売業","連結",3.01176e+11,4.661e+10,4.6244e+10,2.2119e+10,3.49476e+11,4.9186e+10,4.8787e+10,2.5306e+10,4.67192e+11,5.0275e+10,4.944e+10,1.2562e+10,4.41277e+11,5.554e+10,5.4594e+10,2.5386e+10,4.78957e+11,6.1769e+10,6.1728e+10,2.4885e+10,4.87445e+11,6.6246e+10,6.5926e+10,3.3182e+10
"2802連結",2802,"味の素株式会社","食料品","連結",1.216572e+12,6.0523e+10,5.5736e+10,2.8229e+10,1.190371e+12,4.0827e+10,2.5926e+10,-1.0173e+10,1.170876e+12,6.4034e+10,6.7621e+10,1.6646e+10,1.207695e+12,6.9374e+10,7.0499e+10,3.04e+10,1.197313e+12,7.2584e+10,7.5919e+10,4.1754e+10,1.172442e+12,7.1232e+10,7.7167e+10,4.8373e+10
"2897連結",2897,"日清食品ホールディングス株式会社","食料品","連結",3.85469e+11,2.7671e+10,3.2798e+10,1.3591e+10,3.62057e+11,2.3552e+10,2.8748e+10,1.589e+10,3.71178e+11,2.7341e+10,3.2794e+10,2.0496e+10,3.74932e+11,3.4537e+10,3.6418e+10,2.0756e+10,3.80674e+11,2.6211e+10,2.8099e+10,1.8538e+10,3.82793e+11,2.3954e+10,3.0964e+10,1.8855e+10
"2914個別",2914,"日本たばこ産業株式会社","食料品","個別",2.302704e+12,1.88608e+11,1.77757e+11,1.31145e+11,2.173552e+12,1.67687e+11,1.602e+11,8.9637e+10,2.052654e+12,1.63847e+11,1.61606e+11,1.07361e+11,2.06634e+12,1.85422e+11,1.82818e+11,3.2216e+10,7.34902e+11,2.01045e+11,1.98071e+11,1.42726e+11,7.81067e+11,2.09157e+11,2.10568e+11,1.49773e+11
"3086連結",3086,"Ｊ．フロントリテイリング株式会社","小売業","連結",1.016402e+12,3.9717e+10,3.9812e+10,2.0538e+10,1.09669e+12,2.8092e+10,2.8289e+10,7.17e+09,9.82533e+11,1.8584e+10,1.9966e+10,8.167e+09,9.50102e+11,2.0323e+10,2.1092e+10,8.862e+09,9.41415e+11,2.1594e+10,2.2941e+10,1.8804e+10,1.092756e+12,3.0857e+10,3.2202e+10,1.2183e+10
"3231連結",3231,"野村不動産ホールディングス株式会社","不動産業","連結",4.11493e+11,6.9821e+10,6.0291e+10,3.5254e+10,4.48655e+11,3.4012e+10,2.3702e+10,1.377e+10,4.34226e+11,3.9274e+10,2.3967e+10,4.66e+09,4.80983e+11,4.2083e+10,2.6149e+10,5.471e+09,4.50807e+11,4.9939e+10,3.4173e+10,1.7591e+10,5.1774e+11,5.8308e+10,4.5806e+10,1.9357e+10
"3382個別",3382,"株式会社セブン＆アイ・ホールディングス","小売業","個別",5.8734e+10,5.1943e+10,5.0294e+10,4.7899e+10,6.2683e+10,5.5622e+10,5.1321e+10,4.9327e+10,1.47472e+11,1.40012e+11,1.36372e+11,6.4998e+10,7.0011e+10,6.2896e+10,5.9924e+10,6.6872e+10,7.8047e+10,7.0849e+10,6.803e+10,7.2211e+10,8.9383e+10,8.1152e+10,7.8421e+10,7.9955e+10
"3405個別",3405,"株式会社クラレ","化学","個別",2.08451e+11,3.2221e+10,3.2111e+10,1.868e+10,1.82242e+11,1.527e+10,1.6423e+10,6.719e+09,1.79688e+11,1.9444e+10,1.989e+10,1.0744e+10,2.04433e+11,3.6647e+10,3.6197e+10,2.0568e+10,2.05141e+11,3.5621e+10,3.5813e+10,2.2992e+10,2.04794e+11,3.3391e+10,3.4293e+10,1.7926e+10
"3407連結",3407,"旭化成株式会社","化学","連結",1.696789e+12,1.27656e+11,1.20456e+11,6.9945e+10,1.553108e+12,3.4959e+10,3.25e+10,4.745e+09,1.433595e+12,5.7622e+10,5.6367e+10,2.5286e+10,1.598387e+12,1.22927e+11,1.18219e+11,6.0288e+10,1.57323e+12,1.04258e+11,1.07567e+11,5.5766e+10,1.66664e+12,9.196e+10,9.5125e+10,5.3712e+10
"3861連結",3861,"王子ホールディングス株式会社","パルプ・紙","連結",1.31838e+12,4.2122e+10,3.8064e+10,1.1768e+10,1.267129e+12,3.2845e+10,2.8751e+10,-6.276e+09,1.147322e+12,7.3681e+10,6.4714e+10,2.4886e+10,1.180131e+12,6.5441e+10,6.0245e+10,2.4619e+10,1.212912e+12,5.378e+10,4.8375e+10,2.2177e+10,1.241471e+12,5.2383e+10,5.4565e+10,2.56e+10
"4063個別",4063,"信越化学工業株式会社","化学","個別",7.0858e+11,8.1931e+10,9.2528e+10,5.0229e+10,6.06722e+11,7.844e+10,9.3952e+10,6.3984e+10,5.53891e+11,7.0706e+10,7.8507e+10,5.1937e+10,6.02775e+11,7.68e+10,7.7535e+10,4.4518e+10,5.79017e+11,8.0107e+10,8.2003e+10,4.9035e+10,5.59499e+11,7.7253e+10,8.7024e+10,5.6704e+10
"4088連結",4088,"エア・ウォーター株式会社","化学","連結",4.26226e+11,2.5578e+10,2.771e+10,1.4502e+10,4.48772e+11,2.5779e+10,2.7873e+10,1.268e+10,4.26357e+11,2.8202e+10,2.902e+10,1.3916e+10,4.71809e+11,3.1268e+10,3.2958e+10,1.168e+10,4.92679e+11,3.1672e+10,3.3601e+10,1.7167e+10,5.40016e+11,2.7897e+10,3.5155e+10,1.8365e+10
"4091連結",4091,"大陽日酸株式会社","化学","連結",5.07718e+11,3.8783e+10,3.851e+10,2.193e+10,4.95746e+11,2.9164e+10,2.7948e+10,1.6533e+10,4.3339e+11,2.7556e+10,2.7058e+10,1.5748e+10,4.8362e+11,3.5468e+10,3.4167e+10,1.2736e+10,4.77451e+11,3.1067e+10,2.973e+10,2.12e+10,4.68387e+11,2.4884e+10,2.306e+10,-1.929e+09
"4151個別",4151,"協和発酵キリン株式会社","医薬品","個別",1.82498e+11,2.4505e+10,2.6093e+10,1.6438e+10,1.8815e+11,3.5916e+10,4.0427e+10,3.4059e+10,1.43899e+11,2.86e+10,3.0697e+10,1.6072e+10,1.92979e+11,4.0213e+10,4.3188e+10,3.1201e+10,2.06096e+11,4.8626e+10,7.2654e+10,6.6444e+10,2.18117e+11,6.0722e+10,6.3166e+10,4.2401e+10
"4185個別",4185,"ＪＳＲ株式会社","化学","個別",2.78057e+11,4.5892e+10,4.4856e+10,2.9601e+10,2.30952e+11,2.0448e+10,2.2777e+10,9.858e+09,2.12465e+11,1.4277e+10,1.6725e+10,8.721e+09,2.33393e+11,2.9432e+10,3.5998e+10,2.3132e+10,2.41076e+11,2.6121e+10,3.2406e+10,1.9765e+10,2.58819e+11,2.6578e+10,3.3755e+10,2.187e+10
"4204連結",4204,"積水化学工業株式会社","化学","連結",9.58674e+11,4.3005e+10,3.8547e+10,2.43e+10,9.34225e+11,3.3589e+10,2.9438e+10,1.013e+09,8.58514e+11,3.5955e+10,3.1076e+10,1.1627e+10,9.15492e+11,4.9335e+10,4.8292e+10,2.3574e+10,9.6509e+11,5.461e+10,5.4158e+10,2.8116e+10,1.032431e+12,5.9621e+10,6.067e+10,3.0174e+10
"4208連結",4208,"宇部興産株式会社","化学","連結",7.04284e+11,5.59e+10,4.6707e+10,2.4031e+10,6.84703e+11,3.1163e+10,2.0397e+10,1.1664e+10,5.49556e+11,2.7595e+10,1.8995e+10,8.217e+09,6.16062e+11,4.4363e+10,3.91e+10,1.7267e+10,6.38653e+11,4.6006e+10,4.0808e+10,2.2969e+10,6.26022e+11,2.9962e+10,2.8045e+10,8.265e+09
"4217連結",4217,"日立化成株式会社","化学","連結",6.26929e+11,6.0493e+10,5.9499e+10,3.1438e+10,4.88638e+11,1.9938e+10,1.6524e+10,2.74e+09,4.55287e+11,3.8341e+10,3.6506e+10,2.3509e+10,4.97452e+11,4.3471e+10,4.5042e+10,1.8943e+10,4.73069e+11,2.4495e+10,2.7799e+10,1.6427e+10,4.64655e+11,2.3559e+10,2.7344e+10,1.8818e+10
"4307個別",4307,"株式会社野村総合研究所","情報・通信","個別",3.27933e+11,4.8161e+10,5.0346e+10,2.5202e+10,3.24697e+11,4.5041e+10,4.7321e+10,2.0583e+10,3.25646e+11,3.7631e+10,4.4809e+10,2.6416e+10,3.12345e+11,3.5475e+10,3.7138e+10,2.11e+10,3.20289e+11,4.0145e+10,4.1613e+10,4.134e+10,3.3734e+11,4.0192e+10,4.176e+10,2.1544e+10
"4324個別",4324,"株式会社電通","サービス業","個別",1.585982e+12,3.6281e+10,4.7341e+10,2.4533e+10,1.44741e+12,2.387e+10,3.4585e+10,-3.2629e+10,1.315072e+12,2.6313e+10,3.3702e+10,2.7055e+10,1.396798e+12,3.3799e+10,4.0312e+10,1.7471e+10,1.404663e+12,3.1693e+10,4.0654e+10,4.2212e+10,1.412376e+12,3.5766e+10,3.9091e+10,2.8189e+10
"4502個別",4502,"武田薬品工業株式会社","医薬品","個別",8.92546e+11,2.67935e+11,2.72627e+11,1.74586e+11,8.74079e+11,2.43727e+11,2.69653e+11,1.49513e+11,8.7172e+11,2.47391e+11,2.57183e+11,2.06362e+11,8.4203e+11,1.82448e+11,1.9392e+11,1.35836e+11,8.34708e+11,1.78813e+11,4.51685e+11,3.72523e+11,7.89856e+11,8.8084e+10,9.6264e+10,1.5528e+11
"4503個別",4503,"アステラス製薬株式会社","医薬品","個別",6.11217e+11,1.68203e+11,1.88247e+11,1.12291e+11,6.36277e+11,1.67796e+11,1.71491e+11,1.0733e+11,6.34958e+11,1.09329e+11,1.11459e+11,7.4808e+10,6.08308e+11,6.3986e+10,6.6549e+10,4.3958e+10,6.13692e+11,6.2203e+10,6.5181e+10,3.7827e+10,6.23722e+11,7.7039e+10,1.43905e+11,1.18048e+11
"4507個別",4507,"塩野義製薬株式会社","医薬品","個別",2.01002e+11,3.6397e+10,3.724e+10,2.2479e+10,2.06753e+11,3.6236e+10,3.7924e+10,2.3863e+10,2.28585e+11,4.9256e+10,4.9941e+10,4.0757e+10,2.49989e+11,6.0435e+10,6.0337e+10,4.1657e+10,2.56187e+11,6.2875e+10,6.3536e+10,4.3678e+10,2.55946e+11,6.5888e+10,6.8205e+10,-3.1986e+10
"4508個別",4508,"田辺三菱製薬株式会社","医薬品","個別",2.69067e+11,4.908e+10,5.2152e+10,2.3521e+10,3.6766e+11,6.8669e+10,7.3886e+10,3.1801e+10,3.8563e+11,6.2496e+10,6.5132e+10,4.2654e+10,3.90281e+11,7.5709e+10,7.9282e+10,5.0113e+10,3.89151e+11,6.7217e+10,6.9611e+10,4.4368e+10,3.96542e+11,7.2937e+10,7.6205e+10,5.4602e+10
"4519個別",4519,"中外製薬株式会社","医薬品","個別",3.29203e+11,5.6469e+10,5.7355e+10,3.3788e+10,3.1151e+11,3.7085e+10,4.0075e+10,2.9412e+10,4.15277e+11,7.2753e+10,8.1739e+10,5.2738e+10,3.67478e+11,5.7605e+10,5.7786e+10,3.7254e+10,3.63779e+11,5.516e+10,5.7546e+10,3.5347e+10,3.82099e+11,6.8836e+10,6.9993e+10,4.5699e+10
"4523個別",4523,"エーザイ株式会社","医薬品","個別",3.892e+11,7.3106e+10,7.1033e+10,4.5982e+10,4.15611e+11,7.5835e+10,6.911e+10,5.6638e+10,4.4468e+11,9.3253e+10,8.8607e+10,5.7327e+10,4.64607e+11,1.13541e+11,1.06945e+11,7.3393e+10,4.08224e+11,6.6934e+10,6.2867e+10,4.2373e+10,3.48029e+11,3.8731e+10,3.4861e+10,2.7556e+10
"4528個別",4528,"小野薬品工業株式会社","医薬品","個別",1.44134e+11,5.163e+10,5.4521e+10,3.49e+10,1.34716e+11,4.2814e+10,4.6106e+10,2.3574e+10,1.34362e+11,3.923e+10,4.2058e+10,2.7643e+10,1.33594e+11,3.452e+10,3.6787e+10,2.396e+10,1.44175e+11,3.7095e+10,3.9432e+10,2.3649e+10,1.43648e+11,3.1283e+10,3.3131e+10,2.3732e+10
"4530個別",4530,"久光製薬株式会社","医薬品","個別",1.12635e+11,2.8265e+10,2.8909e+10,1.7487e+10,1.18142e+11,3.1893e+10,3.2177e+10,1.9251e+10,1.20813e+11,3.1482e+10,3.2156e+10,2.0041e+10,1.20537e+11,3.0788e+10,3.1435e+10,2.0615e+10,1.19326e+11,2.998e+10,3.0628e+10,1.6761e+10,1.22433e+11,3.0006e+10,3.0999e+10,1.8467e+10
"4543連結",4543,"テルモ株式会社","精密機器","連結",3.06381e+11,6.6942e+10,6.4198e+10,4.3382e+10,3.02746e+11,5.4039e+10,5.258e+10,3.6878e+10,3.16009e+11,6.3282e+10,6.3611e+10,4.0721e+10,3.28214e+11,6.2606e+10,5.6903e+10,3.2338e+10,3.86686e+11,6.3049e+10,5.9164e+10,2.4167e+10,4.02294e+11,5.3216e+10,5.1376e+10,4.7014e+10
"4568個別",4568,"第一三共株式会社","医薬品","個別",5.71057e+11,1.09719e+11,1.3366e+11,8.2882e+10,5.1891e+11,3.6603e+10,3.6127e+10,-3.84836e+11,5.29457e+11,3.4607e+10,9.6804e+10,7.3486e+10,5.60815e+11,4.9926e+10,5.8995e+10,4.0227e+10,5.16414e+11,2.9455e+10,6.6044e+10,4.5566e+10,5.49934e+11,3.675e+10,6.1748e+10,5.5841e+10
"4613連結",4613,"関西ペイント株式会社","化学","連結",2.56586e+11,2.3755e+10,2.6124e+10,1.3754e+10,2.29988e+11,1.3423e+10,1.4561e+10,1.0786e+10,2.22401e+11,2.0505e+10,2.2602e+10,1.183e+10,2.36984e+11,2.1101e+10,2.3534e+10,1.2675e+10,2.5659e+11,1.9315e+10,2.1446e+10,1.3996e+10,2.94053e+11,2.4171e+10,2.8353e+10,1.7758e+10
"4631連結",4631,"ＤＩＣ株式会社","化学","連結",1.077897e+12,4.8373e+10,4.0977e+10,3.1033e+10,9.32334e+11,2.5356e+10,1.5191e+10,2.648e+09,7.57849e+11,2.7814e+10,1.9081e+10,2.54e+09,7.78964e+11,3.7152e+10,3.1701e+10,1.5761e+10,7.34276e+11,3.496e+10,3.0802e+10,1.8158e+10,7.03781e+11,3.8484e+10,3.5137e+10,1.9064e+10
"4661連結",4661,"株式会社オリエンタルランド","サービス業","連結",3.42421e+11,3.1144e+10,2.751e+10,1.473e+10,3.89242e+11,4.0096e+10,3.8824e+10,1.8089e+10,3.71414e+11,4.1924e+10,4.0758e+10,2.5427e+10,3.5618e+11,5.3664e+10,5.2887e+10,2.2907e+10,3.6006e+11,6.6923e+10,6.6238e+10,3.2113e+10,3.95526e+11,8.1467e+10,8.0867e+10,5.1484e+10
"4689連結",4689,"ヤフー株式会社","情報・通信","連結",2.62027e+11,1.24807e+11,1.21511e+11,6.2617e+10,2.65754e+11,1.34618e+11,1.32912e+11,7.4715e+10,2.79856e+11,1.43825e+11,1.4336e+11,8.3523e+10,2.92423e+11,1.59604e+11,1.60218e+11,9.2174e+10,3.02088e+11,1.65004e+11,1.673e+11,1.00559e+11,3.42989e+11,1.86351e+11,1.88645e+11,1.15035e+11
"4704連結",4704,"トレンドマイクロ株式会社","情報・通信","連結",9.9805e+10,3.3476e+10,3.8096e+10,2.3561e+10,1.01707e+11,3.1803e+10,3.364e+10,1.9247e+10,9.6346e+10,3.0137e+10,3.1714e+10,1.7638e+10,9.5391e+10,2.3752e+10,2.3835e+10,1.272e+10,9.6392e+10,2.6364e+10,2.869e+10,1.7341e+10,9.3839e+10,2.2407e+10,2.2661e+10,1.3447e+10
"4716個別",4716,"日本オラクル株式会社","情報・通信","個別",1.14112e+11,3.8731e+10,3.913e+10,2.3057e+10,1.15788e+11,3.8877e+10,3.903e+10,2.274e+10,1.10833e+11,3.8863e+10,3.9149e+10,2.2862e+10,1.32724e+11,3.7191e+10,3.7316e+10,2.2065e+10,1.42919e+11,4.0432e+10,4.048e+10,2.3709e+10,1.53148e+11,4.2673e+10,4.2902e+10,2.6494e+10
"4732連結",4732,"株式会社ユー・エス・エス","サービス業","連結",6.9801e+10,2.72e+10,2.749e+10,1.52e+10,6.6549e+10,2.2568e+10,2.2503e+10,1.2003e+10,5.9849e+10,2.194e+10,2.2511e+10,1.2717e+10,6.1417e+10,2.4332e+10,2.4643e+10,1.3971e+10,6.4009e+10,2.7952e+10,2.8588e+10,1.7054e+10,6.3243e+10,2.9304e+10,2.9884e+10,1.8346e+10
"4739連結",4739,"伊藤忠テクノソリューションズ株式会社","情報・通信","連結",3.19289e+11,2.5013e+10,2.6054e+10,1.5419e+10,3.07254e+11,2.1687e+10,2.2026e+10,1.2936e+10,2.90391e+11,2.1569e+10,2.1627e+10,1.2461e+10,2.83068e+11,2.1316e+10,2.1574e+10,1.1451e+10,2.97748e+11,2.4798e+10,2.4954e+10,1.3327e+10,3.22475e+11,2.7187e+10,2.734e+10,1.6025e+10
"4817連結",4817,"株式会社ジュピターテレコム","情報・通信","連結",2.64508e+11,4.2816e+10,3.7506e+10,2.3992e+10,2.94308e+11,5.3675e+10,4.744e+10,2.7964e+10,3.33724e+11,6.1159e+10,5.7834e+10,3.0453e+10,3.60112e+11,6.6755e+10,6.3167e+10,3.769e+10,3.69073e+11,7.1075e+10,6.8532e+10,3.7278e+10,3.76835e+11,7.1414e+10,7.0123e+10,4.1623e+10
"4902連結",4902,"コニカミノルタ株式会社","電気機器","連結",1.071568e+12,1.19606e+11,1.04227e+11,6.8829e+10,9.47843e+11,5.626e+10,4.5403e+10,1.5179e+10,8.04465e+11,4.3988e+10,4.0818e+10,1.6931e+10,7.77953e+11,4.0022e+10,3.3155e+10,2.5896e+10,7.67879e+11,4.0346e+10,3.4758e+10,2.0424e+10,8.13073e+11,4.0659e+10,3.8901e+10,1.5124e+10
"4911連結",4911,"株式会社資生堂","化学","連結",7.23484e+11,6.3465e+10,6.5088e+10,3.5459e+10,6.90256e+11,4.9914e+10,5.2061e+10,1.9373e+10,6.44201e+11,5.035e+10,5.1485e+10,3.3671e+10,6.70701e+11,4.4458e+10,4.448e+10,1.279e+10,6.82385e+11,3.9135e+10,3.9442e+10,1.4515e+10,6.77727e+11,2.6045e+10,2.8406e+10,-1.4515e+10
"5019連結",5019,"出光興産株式会社","石油・石炭製品","連結",3.864263e+12,5.5891e+10,6.0695e+10,4.837e+09,3.798489e+12,1.02411e+11,8.9289e+10,3.323e+09,3.112305e+12,4.4462e+10,3.0387e+10,5.977e+09,3.659301e+12,1.28771e+11,1.28015e+11,6.0683e+10,4.310348e+12,1.38078e+11,1.33559e+11,6.4376e+10,4.374696e+12,1.10684e+11,1.09122e+11,5.0167e+10
"5108個別",5108,"株式会社ブリヂストン","ゴム製品","個別",1.052218e+12,1.26118e+11,1.35973e+11,8.7341e+10,1.012087e+12,5.3893e+10,5.7863e+10,3.6719e+10,7.49215e+11,1.2054e+10,2.2867e+10,1.5412e+10,8.95623e+11,5.849e+10,6.7441e+10,5.0331e+10,9.71255e+11,5.6435e+10,6.6287e+10,3.3879e+10,9.39399e+11,1.39264e+11,1.55753e+11,9.196e+10
"5110連結",5110,"住友ゴム工業株式会社","ゴム製品","連結",5.67306e+11,4.5126e+10,4.3201e+10,1.9498e+10,6.04974e+11,2.5658e+10,1.4792e+10,1.02e+09,5.24534e+11,2.8738e+10,2.0029e+10,9.093e+09,6.04548e+11,4.7571e+10,4.2478e+10,2.1427e+10,6.76903e+11,5.3924e+10,4.9927e+10,2.8386e+10,7.10246e+11,6.9722e+10,6.7351e+10,3.5451e+10
"5201個別",5201,"旭硝子株式会社","ガラス・土石製品","個別",6.3487e+11,7.337e+10,8.3023e+10,5.2863e+10,6.45887e+11,5.0331e+10,5.6392e+10,2.827e+09,5.27841e+11,2.5945e+10,3.1162e+10,-4.2026e+10,6.38521e+11,1.29195e+11,1.36583e+11,7.3495e+10,5.60474e+11,6.3283e+10,8.7233e+10,5.378e+10,5.43103e+11,1.828e+10,3.497e+10,3.543e+09
"5214連結",5214,"日本電気硝子株式会社","ガラス・土石製品","連結",3.68267e+11,1.00882e+11,9.6942e+10,5.0668e+10,3.35662e+11,7.6416e+10,6.4319e+10,2.1831e+10,3.32387e+11,9.8426e+10,9.1419e+10,5.4926e+10,3.90195e+11,1.17471e+11,1.14299e+11,6.8608e+10,3.38214e+11,6.1638e+10,5.6855e+10,1.9408e+10,2.87303e+11,2.4967e+10,2.2767e+10,1.0603e+10
"5333連結",5333,"日本ガイシ株式会社","ガラス・土石製品","連結",3.64888e+11,6.9377e+10,6.9324e+10,4.5951e+10,2.73211e+11,3.2809e+10,3.1488e+10,2.4467e+10,2.35489e+11,2.3453e+10,2.485e+10,1.7808e+10,2.39363e+11,3.2102e+10,3.2671e+10,2.4428e+10,2.47818e+11,2.6054e+10,2.867e+10,-3.5592e+10,2.52789e+11,2.0695e+10,2.2029e+10,1.1422e+10
"5411連結",5411,"ＪＦＥホールディングス株式会社","鉄鋼","連結",3.539802e+12,5.10518e+11,5.02974e+11,2.61845e+11,3.908282e+12,4.07806e+11,4.00562e+11,1.94229e+11,2.844356e+12,8.8775e+10,6.9289e+10,4.5659e+10,3.19556e+12,1.8281e+11,1.65805e+11,5.8608e+10,3.166511e+12,4.4779e+10,5.2977e+10,-3.6567e+10,3.189196e+12,3.9873e+10,5.2214e+10,3.9599e+10
"5713連結",5713,"住友金属鉱山株式会社","非鉄金属","連結",1.132372e+12,1.55394e+11,2.17866e+11,1.37808e+11,7.93797e+11,1.0534e+10,3.2572e+10,2.1974e+10,7.25827e+11,6.6265e+10,8.7791e+10,5.3952e+10,8.64077e+11,9.6038e+10,1.23701e+11,8.3962e+10,8.47897e+11,8.8498e+10,1.0875e+11,6.5219e+10,8.0854e+11,9.5785e+10,1.15034e+11,8.664e+10
"5802連結",5802,"住友電気工業株式会社","非鉄金属","連結",2.540858e+12,1.48996e+11,1.69644e+11,8.7804e+10,2.121978e+12,2.3527e+10,3.7773e+10,1.7237e+10,1.836352e+12,5.1728e+10,6.8206e+10,2.8708e+10,2.033827e+12,1.0381e+11,1.29099e+11,7.0614e+10,2.059344e+12,8.6946e+10,1.06696e+11,5.8861e+10,2.159942e+12,7.679e+10,9.4116e+10,3.7955e+10
"6201連結",6201,"株式会社豊田自動織機","輸送用機器","連結",2.000536e+12,9.6853e+10,1.26488e+11,8.046e+10,1.584252e+12,-6.579e+09,1.4343e+10,-3.2633e+10,1.377769e+12,2.2002e+10,3.1756e+10,-2.6127e+10,1.479839e+12,6.8798e+10,7.3911e+10,4.7205e+10,1.543352e+12,7.0092e+10,8.0866e+10,5.8594e+10,1.615244e+12,7.7098e+10,8.6836e+10,5.3119e+10
"6273連結",6273,"ＳＭＣ株式会社","機械","連結",3.57919e+11,8.7645e+10,9.0688e+10,5.5985e+10,2.83436e+11,4.9725e+10,4.8883e+10,2.5978e+10,2.20906e+11,2.5567e+10,3.0519e+10,1.9593e+10,3.25116e+11,8.197e+10,8.2861e+10,4.7759e+10,3.41864e+11,8.8069e+10,9.1405e+10,5.9279e+10,3.23135e+11,7.8027e+10,9.3737e+10,6.427e+10
"6301連結",6301,"株式会社小松製作所","機械","連結",2.243023e+12,3.3285e+11,3.2221e+11,2.08793e+11,2.021743e+12,1.51948e+11,1.28782e+11,7.8797e+10,1.431564e+12,6.7035e+10,6.4979e+10,3.3559e+10,1.843127e+12,2.22929e+11,2.19809e+11,1.50752e+11,1.981763e+12,2.56343e+11,2.49609e+11,1.67041e+11,1.884991e+12,2.11602e+11,2.04603e+11,1.26321e+11
"6302連結",6302,"住友重機械工業株式会社","機械","連結",6.60769e+11,7.779e+10,7.5469e+10,4.2974e+10,6.42918e+11,5.694e+10,5.0275e+10,1.3649e+10,5.16165e+11,2.8254e+10,2.6333e+10,1.328e+10,5.48015e+11,4.5803e+10,4.4253e+10,2.7926e+10,6.241e+11,4.7135e+10,4.4619e+10,1.9492e+10,5.85871e+11,3.1288e+10,3.0997e+10,5.865e+09
"6305連結",6305,"日立建機株式会社","機械","連結",9.40537e+11,1.08458e+11,1.00564e+11,5.5985e+10,7.44167e+11,4.8836e+10,4.7805e+10,1.8253e+10,6.05788e+11,1.9669e+10,1.9166e+10,4.019e+09,7.73769e+11,4.1511e+10,4.1912e+10,1.1088e+10,8.17143e+11,5.4837e+10,5.1711e+10,2.3036e+10,7.72355e+11,5.1496e+10,3.6391e+10,2.3464e+10
"6326個別",6326,"株式会社クボタ","機械","個別",6.85431e+11,6.1932e+10,6.4357e+10,3.2906e+10,6.4309e+11,2.7844e+10,2.5659e+10,3.849e+09,5.40449e+11,2.5601e+10,3.7495e+10,2.9298e+10,5.65073e+11,2.8785e+10,3.3811e+10,2.0504e+10,6.22817e+11,3.52e+10,4.1668e+10,2.9709e+10,6.74739e+11,5.116e+10,6.3885e+10,4.1846e+10
"6367連結",6367,"ダイキン工業株式会社","機械","連結",1.291081e+12,1.28098e+11,1.21708e+11,7.4822e+10,1.202419e+12,6.1394e+10,5.2007e+10,2.1755e+10,1.023964e+12,4.4037e+10,4.3768e+10,1.939e+10,1.16033e+12,7.5455e+10,7.48e+10,1.9872e+10,1.2187e+12,8.1192e+10,8.1756e+10,4.1171e+10,1.290903e+12,8.8627e+10,9.4145e+10,4.3584e+10
"6370連結",6370,"栗田工業株式会社","機械","連結",2.04875e+11,3.0468e+10,3.1243e+10,1.8297e+10,1.99706e+11,2.7935e+10,2.8917e+10,1.6299e+10,1.7852e+11,2.6358e+10,2.7096e+10,1.7288e+10,1.81234e+11,2.7131e+10,2.8158e+10,1.7138e+10,1.93792e+11,2.9382e+10,3.0369e+10,1.6548e+10,1.80143e+11,2.0989e+10,2.2046e+10,1.1476e+10
"6448連結",6448,"ブラザー工業株式会社","電気機器","連結",5.66378e+11,5.3503e+10,4.6535e+10,2.711e+10,4.82204e+11,1.9901e+10,2.5562e+10,1.5262e+10,4.46269e+11,2.6637e+10,2.9664e+10,1.9629e+10,5.0283e+11,3.6092e+10,3.8612e+10,2.6238e+10,4.9739e+11,3.4183e+10,3.4351e+10,1.9525e+10,5.16066e+11,2.9775e+10,2.3144e+10,1.7826e+10
"6503個別",6503,"三菱電機株式会社","電気機器","個別",2.490639e+12,1.44618e+11,1.34383e+11,7.7343e+10,2.264948e+12,2.7872e+10,4.1919e+10,-3.6437e+10,2.052375e+12,-1.1311e+10,6.1956e+10,1.4936e+10,2.333873e+12,9.7179e+10,1.20835e+11,7.8783e+10,2.344563e+12,8.7257e+10,1.27519e+11,5.5837e+10,2.236063e+12,2.3114e+10,6.0558e+10,1.8585e+10
"6586連結",6586,"株式会社マキタ","機械","連結",3.42577e+11,6.7031e+10,6.5771e+10,4.6043e+10,2.94034e+11,5.0075e+10,4.4017e+10,3.3286e+10,2.45823e+11,3.039e+10,3.3518e+10,2.2258e+10,2.7263e+11,4.1909e+10,4.273e+10,2.9905e+10,2.95711e+11,4.8516e+10,4.6963e+10,3.2497e+10,3.0963e+11,4.5366e+10,4.5691e+10,3.1076e+10
"6702個別",6702,"富士通株式会社","電気機器","個別",2.979069e+12,5.9023e+10,1.2724e+11,6.1415e+10,2.423503e+12,4.0747e+10,9.4816e+10,4.7881e+10,2.148982e+12,2.0593e+10,3.8399e+10,1.26121e+11,2.092928e+12,3.5289e+10,6.0512e+10,4.4765e+10,2.124276e+12,2.8313e+10,4.5456e+10,5.4808e+10,2.087898e+12,2.785e+10,5.413e+10,-3.37975e+11
"6752個別",6752,"パナソニック株式会社","電気機器","個別",4.86222e+12,1.32772e+11,2.11143e+11,1.003e+11,4.249233e+12,-5.7677e+10,1.17126e+11,-5.6288e+10,3.926593e+12,5.3179e+10,4.6717e+10,-1.24862e+11,4.143023e+12,1.04287e+11,1.46376e+11,-4.974e+10,3.872416e+12,2.8231e+10,5.573e+10,-5.26996e+11,3.91695e+12,3.7657e+10,1.10523e+11,-6.59228e+11
"6806連結",6806,"ヒロセ電機株式会社","電気機器","連結",1.18043e+11,3.5446e+10,3.7976e+10,2.2597e+10,8.9872e+10,1.9169e+10,2.0776e+10,1.3306e+10,8.4468e+10,2.0411e+10,2.1999e+10,1.3266e+10,9.244e+10,2.2026e+10,2.2739e+10,1.1714e+10,9.479e+10,1.9554e+10,2.0919e+10,1.2824e+10,9.5938e+10,2.0985e+10,2.2386e+10,1.3508e+10
"6923連結",6923,"スタンレー電気株式会社","電気機器","連結",3.54469e+11,4.6563e+10,4.8896e+10,2.9732e+10,2.83302e+11,2.3392e+10,2.5398e+10,1.2128e+10,2.38888e+11,2.4336e+10,2.6045e+10,1.7128e+10,2.48081e+11,2.9902e+10,3.2579e+10,1.7112e+10,2.43108e+11,2.6439e+10,2.858e+10,1.3822e+10,2.63119e+11,2.7475e+10,3.0148e+10,1.776e+10
"6954個別",6954,"ファナック株式会社","電気機器","個別",3.48058e+11,1.3997e+11,1.51967e+11,9.6147e+10,2.64218e+11,9.6104e+10,1.09478e+11,6.842e+10,1.52661e+11,3.6187e+10,5.4911e+10,6.0936e+10,3.79933e+11,1.68876e+11,1.73992e+11,1.06005e+11,4.64108e+11,2.00507e+11,2.24643e+11,1.42021e+11,4.07289e+11,1.62621e+11,1.72402e+11,1.11182e+11
"6971個別",6971,"京セラ株式会社","電気機器","個別",5.3932e+11,4.8551e+10,9.0211e+10,6.7859e+10,5.21993e+11,-8.464e+09,2.8992e+10,1.4023e+10,4.73656e+11,-8.17e+08,3.2863e+10,7.415e+09,6.58297e+11,4.5992e+10,9.1285e+10,7.1934e+10,5.7031e+11,1.7699e+10,6.7243e+10,4.9828e+10,5.96112e+11,2.8237e+10,6.4589e+10,5.2527e+10
"6988連結",6988,"日東電工株式会社","化学","連結",7.45259e+11,7.7954e+10,7.4468e+10,4.6634e+10,5.77922e+11,1.3838e+10,1.4807e+10,2.67e+08,6.01859e+11,5.6086e+10,5.8833e+10,3.757e+10,6.38556e+11,8.5245e+10,8.5143e+10,5.5743e+10,6.07639e+11,5.6491e+10,5.8436e+10,3.1066e+10,6.75614e+11,6.8672e+10,6.7372e+10,4.384e+10
"7003連結",7003,"三井造船株式会社","輸送用機器","連結",6.59215e+11,3.6118e+10,3.2232e+10,1.656e+10,6.86655e+11,2.6854e+10,2.3415e+10,1.0641e+10,7.65989e+11,4.3e+10,4.1999e+10,1.9652e+10,5.89209e+11,3.8895e+10,3.6216e+10,1.3493e+10,5.71852e+11,3.142e+10,3.2345e+10,1.788e+10,5.77093e+11,2.4001e+10,2.6162e+10,-8.193e+09
"7011個別",7011,"三菱重工業株式会社","機械","個別",2.471101e+12,9.4919e+10,6.8279e+10,3.4421e+10,2.647266e+12,5.6993e+10,4.6828e+10,4.4825e+10,2.327783e+12,4.7157e+10,2.0047e+10,1.8411e+10,2.188508e+12,6.2664e+10,3.9119e+10,1.0639e+10,2.175666e+12,5.4689e+10,3.712e+10,1.2916e+10,2.028448e+12,9.5983e+10,9.3145e+10,9.138e+10
"7262個別",7262,"ダイハツ工業株式会社","輸送用機器","個別",1.270836e+12,3.3016e+10,3.4846e+10,2.3025e+10,1.249948e+12,1.5256e+10,1.8236e+10,6.434e+09,1.12232e+12,1.4009e+10,1.6343e+10,8.299e+09,1.012004e+12,1.8027e+10,2.238e+10,1.1375e+10,1.08814e+12,3.3621e+10,4.7683e+10,3.3073e+10,1.125033e+12,4.0564e+10,5.4728e+10,4.1319e+10
"7267連結",7267,"本田技研工業株式会社","輸送用機器","連結",1.2002834e+13,9.53109e+11,8.95841e+11,6.00039e+11,1.0011241e+13,1.89643e+11,1.61734e+11,1.37005e+11,8.579174e+12,3.63775e+11,3.36198e+11,2.684e+11,8.936867e+12,5.69775e+11,6.30548e+11,5.34088e+11,7.948095e+12,2.31364e+11,2.57403e+11,2.11482e+11,9.877947e+12,5.4481e+11,4.88891e+11,3.67149e+11
"7269連結",7269,"スズキ株式会社","輸送用機器","連結",3.502419e+12,1.49405e+11,1.56904e+11,8.0254e+10,3.004888e+12,7.6926e+10,7.9675e+10,2.7429e+10,2.469063e+12,7.9368e+10,9.3841e+10,2.8913e+10,2.608217e+12,1.06934e+11,1.22502e+11,4.5174e+10,2.512186e+12,1.19304e+11,1.30553e+11,5.3887e+10,2.578317e+12,1.44564e+11,1.55593e+11,8.0389e+10
"7309連結",7309,"株式会社シマノ","輸送用機器","連結",2.11767e+11,3.1336e+10,3.0263e+10,1.9894e+10,2.35142e+11,3.7819e+10,3.6709e+10,2.515e+10,1.86686e+11,2.0528e+10,2.0135e+10,9.553e+09,2.13596e+11,3.2772e+10,2.7763e+10,1.9121e+10,2.2177e+11,3.1742e+10,3.1701e+10,1.9862e+10,2.45843e+11,4.0961e+10,3.9539e+10,2.7487e+10
"7459連結",7459,"株式会社メディパルホールディングス","卸売業","連結",2.254936e+12,2.795e+10,4.2635e+10,2.7794e+10,2.463569e+12,1.3455e+10,2.9005e+10,1.251e+10,2.546029e+12,1.8433e+10,2.6802e+10,1.958e+09,2.662821e+12,1.3548e+10,2.2888e+10,1.704e+09,2.750233e+12,2.089e+10,3.1548e+10,1.165e+10,2.810959e+12,2.8519e+10,3.9643e+10,1.8655e+10
"7751個別",7751,"キヤノン株式会社","電気機器","個別",2.887912e+12,5.33841e+11,5.52843e+11,3.66973e+11,2.721094e+12,3.58706e+11,3.59086e+11,2.24135e+11,2.025546e+12,9.7777e+10,1.42684e+11,8.0778e+10,2.317043e+12,2.40365e+11,2.74742e+11,1.52498e+11,2.160732e+12,2.46914e+11,2.82052e+11,1.73201e+11,2.11342e+12,1.98695e+11,2.35728e+11,1.57647e+11
"7911連結",7911,"凸版印刷株式会社","その他製品","連結",1.670351e+12,7.2153e+10,7.7764e+10,3.8523e+10,1.617341e+12,2.9186e+10,2.4933e+10,-7.67e+09,1.50675e+12,3.8237e+10,3.9191e+10,1.1703e+10,1.556457e+12,4.5008e+10,4.4522e+10,1.2153e+10,1.510414e+12,3.1555e+10,3.085e+10,3.068e+09,1.502307e+12,3.2092e+10,3.6966e+10,1.8562e+10
"7912連結",7912,"大日本印刷株式会社","その他製品","連結",1.616053e+12,8.7104e+10,8.6502e+10,4.5171e+10,1.584844e+12,4.6177e+10,4.739e+10,-2.0867e+10,1.583382e+12,6.6513e+10,6.8841e+10,2.3278e+10,1.589373e+12,6.7818e+10,6.2786e+10,2.5032e+10,1.507227e+12,3.4015e+10,3.6843e+10,-1.6244e+10,1.446607e+12,3.5779e+10,4.0318e+10,1.9217e+10
"8001個別",8001,"伊藤忠商事株式会社","卸売業","個別",5.600739e+12,3.7859e+10,1.46792e+11,7.7054e+10,5.027011e+12,-3.142e+09,1.08055e+11,6.4374e+10,3.842717e+12,-1.7882e+10,1.12856e+11,6.3497e+10,4.310432e+12,-1.3519e+10,1.14101e+11,7.4223e+10,4.503275e+12,-7.908e+09,1.48424e+11,1.3103e+11,4.884972e+12,1.14e+08,1.59178e+11,1.53304e+11
"8002個別",8002,"丸紅株式会社","卸売業","個別",6.193597e+12,3.0789e+10,7.9723e+10,5.3025e+10,5.806995e+12,1.2022e+10,7.8881e+10,1e+07,4.478405e+12,2.4e+07,6.4262e+10,1.9896e+10,5.240208e+12,-3.706e+09,3.6466e+10,2.0957e+10,6.384715e+12,-8.054e+09,8.2465e+10,5.0235e+10,6.589317e+12,-1.9392e+10,9.0499e+10,1.01641e+11
"8015個別",8015,"豊田通商株式会社","卸売業","個別",4.862155e+12,2.3359e+10,5.834e+10,3.598e+09,4.252067e+12,3.8e+07,4.0546e+10,1.4264e+10,3.218804e+12,-1.1059e+10,2.0841e+10,1.369e+09,3.392623e+12,-1.0174e+10,2.4504e+10,1.1423e+10,3.518316e+12,-8.58e+08,3.757e+10,2.4529e+10,3.398114e+12,-3.609e+09,2.6322e+10,1.4649e+10
"8028個別",8028,"株式会社ファミリーマート","小売業","個別",2.10351e+11,2.8639e+10,3.1262e+10,1.59e+10,2.36133e+11,3.3592e+10,3.6466e+10,1.4265e+10,2.33024e+11,3.0246e+10,3.2682e+10,1.0305e+10,2.70817e+11,3.3741e+10,3.5887e+10,1.6678e+10,2.74449e+11,3.8281e+10,4.065e+10,1.4321e+10,2.70919e+11,3.8935e+10,4.147e+10,2.4186e+10
"8031個別",8031,"三井物産株式会社","卸売業","個別",1.2291218e+13,1.037e+10,2.53859e+11,1.57905e+11,1.11301e+13,-2.5889e+10,5.1893e+10,-8.0271e+10,4.196335e+12,-7.6462e+10,1.11666e+11,6.4067e+10,4.278166e+12,-9.2972e+10,2.10909e+11,2.29448e+11,4.343155e+12,-1.06687e+11,2.57317e+11,2.53551e+11,4.182193e+12,-1.32018e+11,1.08808e+11,8.3366e+10
"8053個別",8053,"住友商事株式会社","卸売業","個別",6.388976e+12,2.4043e+10,6.1682e+10,7.922e+10,5.804449e+12,1.536e+10,6.8054e+10,7.651e+10,3.737483e+12,-4.408e+10,2.0176e+10,7.9566e+10,3.953315e+12,-1.9496e+10,4.3582e+10,4.3979e+10,3.611009e+12,-2.4899e+10,7.7635e+10,7.4017e+10,3.28096e+12,-2.8403e+10,7.7417e+10,8.5504e+10
"8058個別",8058,"三菱商事株式会社","卸売業","個別",1.0832868e+13,1.2678e+10,2.67306e+11,2.35288e+11,1.0880997e+13,-1.0097e+10,2.38018e+11,1.17115e+11,8.236241e+12,-6.097e+10,3.04278e+11,2.5684e+11,8.980555e+12,-5.1477e+10,2.93878e+11,2.64372e+11,1.0135615e+13,-4.3619e+10,3.6111e+11,3.21296e+11,1.0182211e+13,-6.4835e+10,3.28467e+11,3.18551e+11
"8113連結",8113,"ユニ・チャーム株式会社","化学","連結",3.36864e+11,3.3731e+10,3.2327e+10,1.6683e+10,3.47849e+11,3.4883e+10,3.1607e+10,1.7127e+10,3.56825e+11,4.5066e+10,4.5855e+10,2.4463e+10,3.76947e+11,4.6561e+10,4.3137e+10,3.356e+10,4.28391e+11,5.19e+10,4.8361e+10,2.6981e+10,4.95771e+11,5.9488e+10,6.5012e+10,4.3121e+10
"8227個別",8227,"株式会社しまむら","小売業","個別",3.66909e+11,3.4891e+10,3.5854e+10,2.0416e+10,3.66311e+11,3.2601e+10,3.2676e+10,1.8698e+10,4.0602e+11,3.6784e+10,3.8044e+10,2.2523e+10,4.37001e+11,3.973e+10,4.0931e+10,2.3473e+10,4.63157e+11,4.3854e+10,4.5171e+10,2.4995e+10,4.87351e+11,4.5517e+10,4.7588e+10,2.7454e+10
"8233連結",8233,"株式会社高島屋","小売業","連結",1.042711e+12,3.7699e+10,4.207e+10,1.8697e+10,9.76116e+11,2.481e+10,2.8003e+10,1.175e+10,8.77762e+11,1.3428e+10,1.6764e+10,7.709e+09,8.69476e+11,1.8173e+10,2.2484e+10,1.3849e+10,8.58123e+11,2.1099e+10,2.4355e+10,1.0895e+10,8.70333e+11,2.5476e+10,2.9866e+10,1.654e+10
"8253個別",8253,"株式会社クレディセゾン","その他金融業","個別",2.77741e+11,3.3603e+10,3.6557e+10,2.4578e+10,2.709e+11,2.8661e+10,3.2223e+10,-4.4828e+10,2.57924e+11,3.0661e+10,3.3787e+10,1.6137e+10,2.39657e+11,2.5484e+10,2.8706e+10,7.596e+09,2.10207e+11,3.7893e+10,4.1001e+10,5.613e+09,2.04121e+11,3.7394e+10,4.1529e+10,2.4147e+10
"8267個別",8267,"イオン株式会社","小売業","個別",2.068712e+12,3.1718e+10,4.9534e+10,2.821e+09,1.053663e+12,2.257e+10,3.3534e+10,1.6615e+10,3.5913e+10,2.378e+10,2.5269e+10,2.6687e+10,4.7495e+10,3.6101e+10,3.7409e+10,4.544e+09,5.1128e+10,3.6438e+10,3.7489e+10,1.7769e+10,4.3935e+10,2.6332e+10,2.5064e+10,2.8915e+10
"8270連結",8270,"ユニーグループ・ホールディングス株式会社","小売業","連結",1.216246e+12,4.0954e+10,3.7561e+10,3.77e+08,1.190248e+12,4.0157e+10,3.8947e+10,5.344e+09,1.134427e+12,2.1095e+10,1.9019e+10,-4.805e+09,1.112781e+12,3.5101e+10,3.2282e+10,6.046e+09,1.07915e+12,4.4001e+10,4.2389e+10,8.323e+09,1.030259e+12,3.502e+10,3.3423e+10,3.0471e+10
"8306個別",8306,"株式会社三菱ＵＦＪフィナンシャル・グループ","銀行業","個別",5.21426e+11,5.08288e+11,4.91792e+11,4.16883e+11,3.01328e+11,2.85107e+11,2.44311e+11,2.99988e+11,2.90824e+11,2.74306e+11,2.35848e+11,1.00088e+11,4.13611e+11,3.98756e+11,3.69982e+11,3.44931e+11,2.72114e+11,2.57031e+11,2.3484e+11,2.38437e+11,2.21664e+11,2.05204e+11,1.90353e+11,1.88092e+11
"8308個別",8308,"株式会社りそなホールディングス","銀行業","個別",6.00477e+11,5.89926e+11,5.90287e+11,6.24674e+11,1.85577e+11,1.77122e+11,1.79348e+11,1.74105e+11,3.9048e+10,3.2681e+10,3.2606e+10,3.4979e+10,3.138e+10,2.6059e+10,2.3381e+10,2.6223e+10,1.58322e+11,1.50877e+11,1.51117e+11,1.51165e+11,2.44546e+11,2.37463e+11,2.37733e+11,2.37832e+11
"8316個別",8316,"株式会社三井住友フィナンシャルグループ","銀行業","個別",1.11637e+11,1.05391e+11,8.9063e+10,8.2975e+10,1.34772e+11,1.25982e+11,1.02309e+11,1.03468e+11,1.33379e+11,1.16737e+11,9.4534e+10,6.6176e+10,2.22217e+11,1.9775e+11,1.91543e+11,1.91539e+11,1.81372e+11,1.5647e+11,1.49922e+11,1.49919e+11,1.7956e+11,1.55219e+11,1.47985e+11,1.47981e+11
"8327連結",8327,"株式会社西日本シティ銀行","銀行業","連結",1.80914e+11,NA,3.1172e+10,1.4316e+10,1.79088e+11,NA,1.7854e+10,1.4616e+10,1.70865e+11,NA,3.6233e+10,2.18e+10,1.65123e+11,NA,3.0535e+10,5.3384e+10,1.64468e+11,NA,4.2013e+10,1.7972e+10,1.56212e+11,NA,3.826e+10,1.8436e+10
"8334連結",8334,"株式会社群馬銀行","銀行業","連結",1.56313e+11,NA,3.6254e+10,2.056e+10,1.48283e+11,NA,1.5754e+10,1.0989e+10,1.41758e+11,NA,3.1194e+10,1.821e+10,1.35926e+11,NA,3.3662e+10,1.7315e+10,1.29079e+11,NA,3.1671e+10,1.8739e+10,1.28875e+11,NA,3.3477e+10,2.0604e+10
"8355個別",8355,"株式会社静岡銀行","銀行業","個別",2.13505e+11,NA,6.1697e+10,3.5201e+10,2.05361e+11,NA,1.6896e+10,1.2806e+10,1.86039e+11,NA,5.051e+10,3.2122e+10,1.79326e+11,NA,5.8684e+10,3.5355e+10,1.74796e+11,NA,6.2312e+10,3.4654e+10,1.70971e+11,NA,6.5192e+10,4.0894e+10
"8369連結",8369,"株式会社京都銀行","銀行業","連結",1.4776e+11,NA,3.4839e+10,2.0881e+10,1.51613e+11,NA,1.4604e+10,1.0148e+10,1.29564e+11,NA,2.6737e+10,1.5668e+10,1.24328e+11,NA,3.5153e+10,1.8379e+10,1.16376e+11,NA,2.8249e+10,1.556e+10,1.12094e+11,NA,2.8092e+10,1.7574e+10
"8377連結",8377,"株式会社ほくほくフィナンシャルグループ","銀行業","連結",2.61257e+11,NA,6.6317e+10,3.864e+10,2.39648e+11,NA,2.1399e+10,3.7034e+10,2.26758e+11,NA,3.5413e+10,1.9212e+10,2.14672e+11,NA,3.722e+10,1.8404e+10,2.07977e+11,NA,3.8865e+10,1.4129e+10,1.99136e+11,NA,2.9332e+10,1.8105e+10
"8379連結",8379,"株式会社広島銀行","銀行業","連結",1.85291e+11,NA,3.7606e+10,2.1679e+10,1.57611e+11,NA,1.3997e+10,7.188e+09,1.38744e+11,NA,1.922e+10,1.1079e+10,1.45082e+11,NA,2.4663e+10,1.3776e+10,1.30151e+11,NA,2.7793e+10,1.3862e+10,1.32381e+11,NA,3.2207e+10,1.7405e+10
"8385個別",8385,"株式会社伊予銀行","銀行業","個別",1.08335e+11,NA,3.0479e+10,1.8295e+10,1.19207e+11,NA,1.6804e+10,1.1302e+10,1.01546e+11,NA,1.8827e+10,1.3044e+10,1.01371e+11,NA,2.4203e+10,1.4753e+10,1.11252e+11,NA,3.4052e+10,1.8381e+10,1.04832e+11,NA,2.9642e+10,1.8201e+10
"8418連結",8418,"株式会社山口フィナンシャルグループ","銀行業","連結",1.78249e+11,NA,4.1188e+10,2.6952e+10,1.82525e+11,NA,1.9527e+10,1.3788e+10,1.71936e+11,NA,3.9087e+10,2.6752e+10,1.64115e+11,NA,3.5788e+10,1.9155e+10,1.55147e+11,NA,3.6364e+10,1.7918e+10,1.58032e+11,NA,4.3839e+10,2.7233e+10
"8570連結",8570,"イオンフィナンシャルサービス株式会社","その他金融業","連結",1.81076e+11,3.2863e+10,3.3014e+10,1.7653e+10,1.76007e+11,2.6611e+10,2.6805e+10,1.4788e+10,1.7243e+11,2.056e+10,2.0424e+10,1.97e+08,1.69191e+11,2.0717e+10,2.0823e+10,9.54e+09,1.69853e+11,2.428e+10,2.4268e+10,8.988e+09,2.05972e+11,3.308e+10,3.3367e+10,1.3616e+10
"8591個別",8591,"オリックス株式会社","その他金融業","個別",4.72812e+11,4.6358e+10,7.4508e+10,7.1922e+10,3.63018e+11,-1.6589e+10,5.5983e+10,1.7467e+10,3.65825e+11,4.9547e+10,3.0022e+10,3.1251e+10,3.03118e+11,3.0224e+10,2.4521e+10,2.2471e+10,3.5181e+11,3.9324e+10,3.7856e+10,1.0867e+10,3.16661e+11,1.8542e+10,2.1348e+10,2.3811e+10
"8593個別",8593,"三菱ＵＦＪリース株式会社","その他金融業","個別",6.98526e+11,3.832e+10,3.9957e+10,2.4235e+10,5.67721e+11,3.073e+10,3.1355e+10,1.3864e+10,5.24186e+11,1.5884e+10,1.7426e+10,7.303e+09,4.99388e+11,3.6791e+10,3.8807e+10,1.5341e+10,4.87765e+11,3.3885e+10,3.4967e+10,1.9922e+10,4.63185e+11,3.5085e+10,3.4992e+10,1.9337e+10
"8729連結",8729,"ソニーフィナンシャルホールディングス株式会社","保険業","連結",8.22153e+11,NA,4.45e+10,2.4255e+10,8.60323e+11,NA,3.4253e+10,3.0722e+10,9.78991e+11,NA,8.4373e+10,4.8126e+10,1.002201e+12,NA,7.686e+10,4.1716e+10,1.07807e+12,NA,7.4625e+10,3.2812e+10,1.259041e+12,NA,7.9252e+10,4.5064e+10
"8766個別",8766,"東京海上ホールディングス株式会社","保険業","個別",7.4702e+10,6.9629e+10,6.9971e+10,7.0385e+10,1.3657e+11,1.30476e+11,1.30494e+11,1.17197e+11,3.2324e+10,2.6768e+10,2.6825e+10,4.4e+07,1.27806e+11,1.2163e+11,1.21621e+11,8.0226e+10,8.3955e+10,7.7699e+10,7.7747e+10,6.211e+10,4.8718e+10,4.1944e+10,4.1866e+10,4.186e+10
"8801連結",8801,"三井不動産株式会社","不動産業","連結",1.360023e+12,1.79282e+11,1.62835e+11,8.7378e+10,1.418945e+12,1.71547e+11,1.4609e+11,8.3572e+10,1.384806e+12,1.20585e+11,9.3901e+10,6.0084e+10,1.405269e+12,1.20092e+11,9.6204e+10,4.9909e+10,1.338102e+12,1.26038e+11,1.02509e+11,5.0129e+10,1.445644e+12,1.48184e+11,1.23066e+11,5.9451e+10
"8802個別",8802,"三菱地所株式会社","不動産業","個別",5.24711e+11,1.24642e+11,1.13259e+11,5.9631e+10,5.11758e+11,1.10463e+11,9.644e+10,5.1196e+10,5.72829e+11,1.07104e+11,8.8878e+10,2.3428e+10,4.71123e+11,1.15853e+11,1.0079e+11,5.2289e+10,4.26947e+11,9.906e+10,8.6557e+10,3.67e+10,3.80844e+11,6.4909e+10,5.3421e+10,-2.9711e+10
"8815連結",8815,"東急不動産株式会社","不動産業","連結",6.33406e+11,8.2064e+10,7.5427e+10,2.8696e+10,5.74361e+11,3.499e+10,2.7674e+10,1.0192e+10,5.52067e+11,3.5469e+10,2.8174e+10,1.1058e+10,5.71443e+11,6.2502e+10,5.4916e+10,1.1597e+10,5.56841e+11,5.0086e+10,3.4866e+10,3.42e+10,5.95856e+11,5.1975e+10,3.9906e+10,2.2146e+10
"8830連結",8830,"住友不動産株式会社","不動産業","連結",6.91928e+11,1.54607e+11,1.25176e+11,6.3132e+10,6.95239e+11,1.46366e+11,1.13581e+11,4.6205e+10,7.19635e+11,1.33979e+11,1.00464e+11,5.2662e+10,7.44756e+11,1.38462e+11,1.06295e+11,5.0908e+10,6.88662e+11,1.47465e+11,1.07912e+11,5.3236e+10,7.36652e+11,1.51345e+11,1.14916e+11,5.9825e+10
"8905個別",8905,"イオンモール株式会社","不動産業","個別",9.7104e+10,3.1188e+10,3.0289e+10,1.7273e+10,1.31107e+11,3.7512e+10,3.6445e+10,2.0612e+10,1.39208e+11,3.6986e+10,3.5872e+10,2.1727e+10,1.45134e+11,3.9585e+10,3.799e+10,2.3577e+10,1.50908e+11,4.1107e+10,3.9714e+10,2.1255e+10,1.59685e+11,4.2776e+10,4.1077e+10,2.1702e+10
"9001連結",9001,"東武鉄道株式会社","陸運業","連結",6.21694e+11,4.4345e+10,3.5567e+10,1.7882e+10,6.01884e+11,3.2289e+10,2.5659e+10,1.609e+10,5.79382e+11,2.9973e+10,2.2788e+10,1.3986e+10,5.57147e+11,3.0778e+10,2.5826e+10,1.3104e+10,5.43407e+11,3.2583e+10,2.7839e+10,1.6019e+10,5.77223e+11,5.2544e+10,4.754e+10,2.8648e+10
"9005個別",9005,"東京急行電鉄株式会社","陸運業","個別",2.56167e+11,5.9043e+10,5.2757e+10,1.8388e+10,2.62231e+11,5.3036e+10,4.4813e+10,2.1592e+10,2.82797e+11,4.6023e+10,3.6495e+10,5.668e+09,2.75139e+11,4.5184e+10,3.7466e+10,4.3174e+10,2.47333e+11,3.8062e+10,3.1091e+10,2.6979e+10,2.59202e+11,3.8584e+10,3.3253e+10,2.9173e+10
"9007連結",9007,"小田急電鉄株式会社","陸運業","連結",6.24044e+11,4.3934e+10,3.267e+10,1.893e+10,5.54759e+11,3.3736e+10,2.1255e+10,1.034e+10,5.30405e+11,3.2188e+10,2.0908e+10,1.2231e+10,5.14662e+11,3.2728e+10,2.1671e+10,1.0422e+10,5.08332e+11,3.8631e+10,2.8659e+10,1.7837e+10,5.15223e+11,4.4119e+10,3.6365e+10,1.9674e+10
"9008連結",9008,"京王電鉄株式会社","陸運業","連結",4.2919e+11,4.1941e+10,3.8872e+10,1.8129e+10,4.2015e+11,3.3581e+10,3.026e+10,1.5446e+10,4.03247e+11,2.9947e+10,2.6264e+10,1.1976e+10,3.91172e+11,2.8221e+10,2.4576e+10,9.276e+09,3.90472e+11,2.964e+10,2.6437e+10,1.2433e+10,3.9686e+11,2.8022e+10,2.4538e+10,1.4748e+10
"9020個別",9020,"東日本旅客鉄道株式会社","陸運業","個別",1.979851e+12,3.72613e+11,2.64117e+11,1.63174e+11,1.967489e+12,3.65784e+11,2.61045e+11,1.57463e+11,1.882552e+12,2.82624e+11,1.78361e+11,1.00079e+11,1.830289e+12,2.81037e+11,1.95005e+11,5.9434e+10,1.817496e+12,2.92999e+11,2.07707e+11,7.7152e+10,1.910804e+12,3.22879e+11,2.43004e+11,1.3884e+11
"9021個別",9021,"西日本旅客鉄道株式会社","陸運業","個別",8.7946e+11,1.09824e+11,7.9974e+10,4.5128e+10,8.7503e+11,1.02094e+11,7.3411e+10,4.438e+10,8.16784e+11,5.8503e+10,2.98e+10,2.0577e+10,8.28651e+11,7.5821e+10,4.8523e+10,2.853e+10,8.6218e+11,8.9282e+10,6.2879e+10,2.2158e+10,8.68514e+11,1.02335e+11,7.7565e+10,4.1915e+10
"9022個別",9022,"東海旅客鉄道株式会社","陸運業","個別",1.261246e+12,4.12811e+11,2.56356e+11,1.53953e+11,1.241163e+12,3.62135e+11,2.00113e+11,1.21431e+11,1.143983e+12,2.74136e+11,1.48394e+11,8.8405e+10,1.17193e+12,3.25465e+11,2.07573e+11,1.2304e+11,1.184577e+12,3.45553e+11,2.39836e+11,1.20817e+11,1.245082e+12,3.99136e+11,3.02405e+11,1.87804e+11
"9041連結",9041,"近畿日本鉄道株式会社","陸運業","連結",9.24308e+11,5.699e+10,4.1664e+10,2.3081e+10,9.66459e+11,4.266e+10,2.2873e+10,1.5325e+10,9.60716e+11,3.5758e+10,1.739e+10,3.671e+09,9.60006e+11,3.9919e+10,2.5249e+10,1.4354e+10,9.4279e+11,4.0209e+10,2.7169e+10,8.666e+09,9.32156e+11,4.7452e+10,3.5063e+10,2.0001e+10
"9042連結",9042,"阪急阪神ホールディングス株式会社","陸運業","連結",7.523e+11,9.0724e+10,7.4882e+10,6.27e+08,6.83715e+11,7.7823e+10,5.7445e+10,2.055e+10,6.53287e+11,7.0126e+10,5.0409e+10,1.0793e+10,6.3877e+11,6.4743e+10,4.6494e+10,1.8068e+10,6.49703e+11,7.3809e+10,6.5393e+10,3.9252e+10,6.82439e+11,8.7921e+10,7.4914e+10,3.9702e+10
"9062個別",9062,"日本通運株式会社","陸運業","個別",1.312125e+12,2.8639e+10,3.304e+10,2.2884e+10,1.246476e+12,1.7401e+10,2.1895e+10,5.097e+09,1.047549e+12,2.3241e+10,2.8852e+10,5.944e+09,1.053106e+12,1.578e+10,2.1861e+10,6.92e+08,1.059708e+12,2.0948e+10,2.7813e+10,1.3804e+10,1.025145e+12,1.6247e+10,2.235e+10,1.259e+10
"9064連結",9064,"ヤマトホールディングス株式会社","陸運業","連結",1.225973e+12,6.818e+10,7.0594e+10,3.5352e+10,1.251921e+12,5.572e+10,5.7821e+10,2.5523e+10,1.200834e+12,6.1388e+10,6.3313e+10,3.2282e+10,1.23652e+12,6.4314e+10,6.5951e+10,3.3207e+10,1.260832e+12,6.665e+10,6.7902e+10,1.9786e+10,1.282373e+12,6.6202e+10,6.7991e+10,3.5144e+10
"9404連結",9404,"日本テレビホールディングス株式会社","情報・通信","連結",3.42188e+11,2.3076e+10,2.6705e+10,1.0625e+10,3.24563e+11,1.2214e+10,1.6225e+10,5.622e+09,2.96933e+11,2.3562e+10,2.7184e+10,1.6595e+10,2.97894e+11,3.167e+10,3.8702e+10,2.1048e+10,3.0546e+11,3.2249e+10,3.7902e+10,2.2729e+10,3.26422e+11,3.5429e+10,4.2184e+10,2.5283e+10
"9432個別",9432,"日本電信電話株式会社","情報・通信","個別",3.75794e+11,2.09966e+11,2.1771e+11,1.95833e+11,3.63759e+11,1.93334e+11,1.96438e+11,1.95983e+11,3.79016e+11,2.13525e+11,2.15534e+11,2.15746e+11,3.90373e+11,2.33478e+11,2.27837e+11,2.25705e+11,4.11352e+11,2.57686e+11,2.59316e+11,2.57297e+11,4.32785e+11,2.7861e+11,2.74429e+11,2.71527e+11
"9433個別",9433,"ＫＤＤＩ株式会社","情報・通信","個別",3.456634e+12,3.77612e+11,3.87155e+11,2.16135e+11,3.307007e+12,4.28117e+11,4.32602e+11,2.26739e+11,3.211347e+12,4.14075e+11,4.10485e+11,2.1465e+11,3.138742e+12,4.28269e+11,4.22929e+11,2.56823e+11,3.273536e+12,4.3244e+11,4.34575e+11,2.49836e+11,3.366079e+12,4.65145e+11,4.72883e+11,2.31348e+11
"9437連結",9437,"株式会社NTTドコモ","情報・通信","連結",4.711827e+12,8.08312e+11,8.00688e+11,4.91202e+11,4.44798e+12,8.30959e+11,7.80473e+11,4.71873e+11,4.284404e+12,8.34245e+11,8.36157e+11,4.94781e+11,4.224273e+12,8.44729e+11,8.35338e+11,4.90485e+11,4.240003e+12,8.7446e+11,8.76958e+11,4.63912e+11,4.470122e+12,8.3718e+11,8.41658e+11,4.95633e+11
"9513連結",9513,"電源開発株式会社","電気・ガス業","連結",5.8778e+11,5.0724e+10,4.2873e+10,2.9311e+10,7.04936e+11,5.7108e+10,3.9599e+10,1.9457e+10,5.84484e+11,4.8939e+10,4.1694e+10,2.9149e+10,6.35975e+11,7.0588e+10,5.6322e+10,1.9583e+10,6.546e+11,4.98e+10,3.6619e+10,1.6113e+10,6.56056e+11,5.4566e+10,4.4825e+10,2.9808e+10
"9531個別",9531,"東京瓦斯株式会社","電気・ガス業","個別",1.268048e+12,4.2863e+10,4.4376e+10,2.9921e+10,1.448154e+12,4.2547e+10,3.9864e+10,2.5087e+10,1.21064e+12,5.9124e+10,5.8931e+10,3.8883e+10,1.329834e+12,8.8845e+10,9.9107e+10,6.7491e+10,1.550343e+12,5.1403e+10,5.9943e+10,3.57e+10,1.714267e+12,1.04819e+11,1.14569e+11,7.8556e+10
"9532個別",9532,"大阪瓦斯株式会社","電気・ガス業","個別",8.77628e+11,4.273e+10,5.019e+10,3.2788e+10,9.71876e+11,3.7881e+10,3.7821e+10,2.4038e+10,8.44026e+11,6.0474e+10,6.4068e+10,4.0033e+10,9.18047e+11,5.2583e+10,5.5202e+10,3.4519e+10,1.03272e+12,3.9348e+10,4.1165e+10,2.5707e+10,1.109173e+12,4.6014e+10,5.5379e+10,3.5114e+10
"9613個別",9613,"株式会社エヌ・ティ・ティ・データ","情報・通信","個別",8.59755e+11,7.9278e+10,7.5803e+10,2.2203e+10,8.52648e+11,8.2815e+10,8.6352e+10,4.9383e+10,8.21789e+11,6.6685e+10,6.8791e+10,4.1977e+10,8.20068e+11,6.3231e+10,6.3705e+10,3.66e+10,8.12011e+11,6.7339e+10,6.545e+10,2.5387e+10,8.18036e+11,7.2258e+10,7.3433e+10,4.5661e+10
"9735個別",9735,"セコム株式会社","サービス業","個別",3.37611e+11,7.4155e+10,7.9187e+10,5.0046e+10,3.36893e+11,7.2616e+10,7.8346e+10,3.2414e+10,3.28773e+11,7.1527e+10,7.7462e+10,4.5806e+10,3.29297e+11,6.8688e+10,7.4501e+10,4.5023e+10,3.45476e+11,7.0196e+10,7.5212e+10,2.6818e+10,3.55393e+11,6.9952e+10,7.6336e+10,4.9128e+10
"9783連結",9783,"株式会社ベネッセホールディングス","サービス業","連結",3.84514e+11,3.4882e+10,3.592e+10,1.5462e+10,4.12711e+11,3.9125e+10,3.9276e+10,1.0678e+10,4.06602e+11,3.7889e+10,3.9165e+10,2.1874e+10,4.12828e+11,4.2867e+10,4.4703e+10,2.0586e+10,4.23706e+11,3.3797e+10,3.4698e+10,1.6369e+10,4.50182e+11,3.8145e+10,3.8995e+10,2.1147e+10
"9831連結",9831,"株式会社ヤマダ電機","小売業","連結",1.767818e+12,6.5424e+10,8.1652e+10,4.9174e+10,1.871828e+12,4.9522e+10,6.4604e+10,3.3207e+10,2.01614e+12,8.7303e+10,1.01586e+11,5.5947e+10,2.153259e+12,1.22764e+11,1.37847e+11,7.0754e+10,1.835454e+12,8.8978e+10,1.02225e+11,5.8235e+10,1.701489e+12,3.393e+10,4.7906e+10,2.2203e+10
"9843連結",9843,"株式会社ニトリホールディングス","小売業","連結",2.17229e+11,2.6095e+10,2.6568e+10,1.5464e+10,2.44053e+11,3.3096e+10,3.3969e+10,1.8353e+10,2.86186e+11,4.6456e+10,4.743e+10,2.3838e+10,3.14291e+11,5.2665e+10,5.3594e+10,3.0822e+10,3.31016e+11,5.7951e+10,5.9151e+10,3.3548e+10,3.48789e+11,6.155e+10,6.2195e+10,3.5811e+10
"9983連結",9983,"株式会社ファーストリテイリング","小売業","連結",5.86451e+11,8.7493e+10,8.5698e+10,4.3529e+10,6.85043e+11,1.08639e+11,1.01308e+11,4.9797e+10,8.14811e+11,1.32378e+11,1.23755e+11,6.1681e+10,8.20349e+11,1.16365e+11,1.0709e+11,5.4354e+10,9.28669e+11,1.2645e+11,1.25212e+11,7.1654e+10,1.143003e+12,1.3292e+11,1.48979e+11,9.0377e+10
"9984連結",9984,"ソフトバンク株式会社","情報・通信","連結",2.776168e+12,3.24287e+11,2.58614e+11,1.08624e+11,2.673035e+12,3.59121e+11,2.25661e+11,4.3172e+10,2.763406e+12,4.65871e+11,3.40997e+11,9.6716e+10,3.00464e+12,6.29163e+11,5.20414e+11,1.89712e+11,3.202435e+12,6.75283e+11,5.73651e+11,3.13752e+11,3.378365e+12,7.45e+11,6.53214e+11,2.89403e+11
